{
    "loss": 0.10657089203596115,
    "accuracy": 0.9742612242698669
}